Line : Pass Out,Tinie Tempah,237
Pass Out Tinie Tempah 237 
Line : Wash Away,Matt Costa,235
Wash Away Matt Costa 235 
Line : Whataya Want From Me,Adam Lambert,230
Whataya Want From Me Adam Lambert 230 
Line : Broken,Jake Bugg,248
Broken Jake Bugg 248 
Line : Lucky,"Colbie Caillat,Jason Mraz",196
Lucky Colbie Caillat,Jason Mraz 196 
Line : South Of Heaven,Slayer,808
South Of Heaven Slayer 808 
Line : Move Your Feet,Junior Senior,186
Move Your Feet Junior Senior 186 
Line : Geek In The Pink,Jason Mraz,238
Geek In The Pink Jason Mraz 238 
Line : Sunrise,Norah Jones,205
Sunrise Norah Jones 205 
Line : Last Kiss,Taylor Swift,372
Last Kiss Taylor Swift 372 
Line : Heresy,Nine Inch Nails,235
Heresy Nine Inch Nails 235 
Line : Lemonade,Chris Rice,186
Lemonade Chris Rice 186 
Line : "Jesus, Walk With Me",Club 8,194
Jesus, Walk With Me Club 8 194 
Line : Moves Like Jagger,Maroon 5,201
Moves Like Jagger Maroon 5 201 
Line : Cry,James Blunt,254
Cry James Blunt 254 
Line : On The Road To Ruin,The Notorious Cherry Bombs,206
On The Road To Ruin The Notorious Cherry Bombs 206 
Line : U-Turn (Lili),Aaron,230
U-Turn (Lili) Aaron 230 
Line : Undenied,Portishead,260
Undenied Portishead 260 
Line : Going Through Changes,Eminem,797
Going Through Changes Eminem 797 
Line : Get Me Gone,Fort Minor,121
Get Me Gone Fort Minor 121 
Line : Lonely As You,Foo Fighters,277
Lonely As You Foo Fighters 277 
Line : Spade , Marilyn Manson,282
Spade   Marilyn Manson 282 
Line : Kiss Off,Violent Femmes,176
Kiss Off Violent Femmes 176 
Line : Up And Up,Relient K,244
Up And Up Relient K 244 
Line : Little Smirk,Theory Of A Deadman,211
Little Smirk Theory Of A Deadman 211 
Line : We Will Not Grow Old,Lenka,202
We Will Not Grow Old Lenka 202 
Line : Tell That Mick He Just Made My List Of Things To Do Today , Fall Out Boy,212
Tell That Mick He Just Made My List Of Things To Do Today   Fall Out Boy 212 
Line : Dreamer,Uh Huh Her,236
Dreamer Uh Huh Her 236 
Line : These Four Walls,Shawn Colvin,177
These Four Walls Shawn Colvin 177 
Line : Listen To The Band,The Monkees,153
Listen To The Band The Monkees 153 
Line : The Turnaround,Ringo Starr,234
The Turnaround Ringo Starr 234 
Line : Skinny Little Bitch,Hole,194
Skinny Little Bitch Hole 194 
Line : Dead Beat , A Place To Bury Strangers,215
Dead Beat   A Place To Bury Strangers 215 
Line : Fire Burning,Sean Kingston,245
Fire Burning Sean Kingston 245 
Line : Sometime In The Morning,The Monkees,147
Sometime In The Morning The Monkees 147 
Line : Wherever I May Roam , Metallica,407
Wherever I May Roam   Metallica 407 
Line : Come To My Window,Melissa Etheridge,237
Come To My Window Melissa Etheridge 237 
Line : Communication,The Cardigans,272
Communication The Cardigans 272 
Line : Love You Like A Love Song,Selena Gomez & The Scene,185
Love You Like A Love Song Selena Gomez & The Scene 185 
Line : Say Hello,Rosie Thomas,372
Say Hello Rosie Thomas 372 
Line : Happy,Natasha Bedingfield,223
Happy Natasha Bedingfield 223 
Line : Hit The Lights , Metallica,254
Hit The Lights   Metallica 254 
Line : Better Than A Hallelujah,AMY GRANT,225
Better Than A Hallelujah AMY GRANT 225 
Line : I Miss You,Darren Hayes,333
I Miss You Darren Hayes 333 
Line : Not In Love,Enrique Iglesias,225
Not In Love Enrique Iglesias 225 
Line : Free Life,Dan Wilson,243
Free Life Dan Wilson 243 
Line : "Please, Please, Please Let Me Get What I Want",The Smiths,112
Please, Please, Please Let Me Get What I Want The Smiths 112 
Line : All Star,Smash Mouth,220
All Star Smash Mouth 220 
Line : It Gets Better,Fun.,216
It Gets Better Fun. 216 
Line : Better Than A Hallelujah,AMY GRANT,225
Better Than A Hallelujah AMY GRANT 225 
Line : Should You Return,Copeland,249
Should You Return Copeland 249 
Line : do what they say,Korn,257
do what they say Korn 257 
Line : Somedays,Room Eleven,147
Somedays Room Eleven 147 
Line : Nookie ,Limp Bizkit,266
Nookie  Limp Bizkit 266 
Line : Zombie,The Cranberries,307
Zombie The Cranberries 307 
Line : Requiem,Lamb of God,251
Requiem Lamb of God 251 
Line : Cleanin Out My Closet,Eminem,303
Cleanin Out My Closet Eminem 303 
Line : We'Re All To Blame,SUM 41,219
We'Re All To Blame SUM 41 219 
Line : Coldest Winter,Kanye West,168
Coldest Winter Kanye West 168 
Line : Pinocchio Story (Freestyle Live Fr,Kanye West,362
Pinocchio Story (Freestyle Live Fr Kanye West 362 
Line : grace is gone,Dave Matthews Band,278
grace is gone Dave Matthews Band 278 
Line : Brand New Me,Alicia Keys,239
Brand New Me Alicia Keys 239 
Line : Billionaire (Feat. Bruno Mars),Travie Mccoy,214
Billionaire (Feat. Bruno Mars) Travie Mccoy 214 
Line : Song To The Siren,John Frusciante,217
Song To The Siren John Frusciante 217 
Line : The Story , Limp Bizkit,231
The Story   Limp Bizkit 231 
Line : Want You Bad , The Offspring,202
Want You Bad   The Offspring 202 
Line : wait,Alexi Murdoch,357
wait Alexi Murdoch 357 
Line : Comes And Goes (In Waves),Greg Laswell,256
Comes And Goes (In Waves) Greg Laswell 256 
Line : Exit , Longwave,231
Exit   Longwave 231 
Line : I'M A Believer,The Monkees,164
I'M A Believer The Monkees 164 
Line : You'Re Not Alone,Shayne Ward,233
You'Re Not Alone Shayne Ward 233 
Line : I Belong To Me,Jessica Simpson,220
I Belong To Me Jessica Simpson 220 
Line : miserable at best,mayday parade,317
miserable at best mayday parade 317 
Line : Valleri,The Monkees,143
Valleri The Monkees 143 
Line : Shy That Way,"Tristan Prettyman,Jason Mraz",213
Shy That Way Tristan Prettyman,Jason Mraz 213 
Line : Coldest Winter,Matt Cab,228
Coldest Winter Matt Cab 228 
Line : Cicadas & Gulls,Feist,198
Cicadas & Gulls Feist 198 
Line : Roll On Down The Highway,Bachman-Turner Overdrive,239
Roll On Down The Highway Bachman-Turner Overdrive 239 
Line : I'M Ok,Christina Aguilera,318
I'M Ok Christina Aguilera 318 
Line : ���H��,�P�N��,219
���H�� �P�N�� 219 
Line : Going Home,Sophie Zelmani,252
Going Home Sophie Zelmani 252 
Line : Heart Of A Jealous Man,The Notorious Cherry Bombs,242
Heart Of A Jealous Man The Notorious Cherry Bombs 242 
Line : Parisienne Moonlight,Anathema,130
Parisienne Moonlight Anathema 130 
Line : Homesick,Kings Of Convenience,194
Homesick Kings Of Convenience 194 
Line : Milk And Toast And Honey,Roxette,247
Milk And Toast And Honey Roxette 247 
Line : You Oughta Know,Alanis Morissette,329
You Oughta Know Alanis Morissette 329 
Line : Santa Baby,Taylor Swift,165
Santa Baby Taylor Swift 165 
Line : Picture To Burn,Taylor Swift,179
Picture To Burn Taylor Swift 179 
Line : Raise Your Voices,Secret Garden,256
Raise Your Voices Secret Garden 256 
Line : In My Darkest Hour , Megadeth,389
In My Darkest Hour   Megadeth 389 
Line : One More Chance,Will.i.am,267
One More Chance Will.i.am 267 
Line : I Was Only Joking,Rod Stewart,367
I Was Only Joking Rod Stewart 367 
Line : Hero,Mariah Carey,260
Hero Mariah Carey 260 
Line : Anyone Of Us (Stupid Mistake),Gareth Gates,231
Anyone Of Us (Stupid Mistake) Gareth Gates 231 
Line : Stephanie Says,Lady & Bird,186
Stephanie Says Lady & Bird 186 
Line : Miss You,coldrain,238
Miss You coldrain 238 
Line : Love Will Keep Us Alive,Eagles,246
Love Will Keep Us Alive Eagles 246 
Line : Kiss Me,Tom Waits,589
Kiss Me Tom Waits 589 
Line : Safe And Sound,Azure Ray,183
Safe And Sound Azure Ray 183 
Line : The Unforgiven,Metallica,389
The Unforgiven Metallica 389 
Line : ���H��,�L�T��,252
���H�� �L�T�� 252 
Line : Love,Nicknxtdoor,107
Love Nicknxtdoor 107 
Line : Love,210 Lev,166
Love 210 Lev 166 
Line : Love,Bliggity,120
Love Bliggity 120 
Line : So Bad,Eminem,867
So Bad Eminem 867 
Line : Polythene Queen,miss li,214
Polythene Queen miss li 214 
Line : A Different Kind Of Pain (Album Version),Cold,320
A Different Kind Of Pain (Album Version) Cold 320 
Line : Take This Heart Of Mine,Marvin Gaye,167
Take This Heart Of Mine Marvin Gaye 167 
Line : Say Goodbye,Katharine Mcphee,229
Say Goodbye Katharine Mcphee 229 
Line : The One You Love,Glenn Frey,277
The One You Love Glenn Frey 277 
Line : 1234,Feist,183
1234 Feist 183 
Line : A Century Ends,David Gray,308
A Century Ends David Gray 308 
Line : Lonely Road,Everlast,198
Lonely Road Everlast 198 
Line : Some Nights (Intro),Fun.,137
Some Nights (Intro) Fun. 137 
Line : I Ain'T Goin' Out Like That,Cypress Hill,268
I Ain'T Goin' Out Like That Cypress Hill 268 
Line : Jar Of Hearts,Christina Perri,661
Jar Of Hearts Christina Perri 661 
Line : Holiday In Spain,Counting Crows,230
Holiday In Spain Counting Crows 230 
Line : It'S Amazing,Jem,238
It'S Amazing Jem 238 
Line : Nothing Else Matters,Metallica,392
Nothing Else Matters Metallica 392 
Line : Satisfied,Ringo Starr,199
Satisfied Ringo Starr 199 
Line : Paper Ships (feat. the Silverl,Dead Man��s Bones,176
Paper Ships (feat. the Silverl Dead Man��s Bones 176 
Line : You Belong To Me,Jason Wade,165
You Belong To Me Jason Wade 165 
Line : Doing Fine (Without You),Pixie Lott,190
Doing Fine (Without You) Pixie Lott 190 
Line : Pocketful Of Sunshine,Natasha Bedingfield,206
Pocketful Of Sunshine Natasha Bedingfield 206 
Line : Lonely Lullaby,Owl City,274
Lonely Lullaby Owl City 274 
Line : What Sarah Said (Album Version),Death Cab For Cutie,381
What Sarah Said (Album Version) Death Cab For Cutie 381 
Line : Bourgeois Shangri-La,miss li,168
Bourgeois Shangri-La miss li 168 
Line : Last Goodbye,Ke$ha,234
Last Goodbye Ke$ha 234 
Line : Dementia,Owl City,215
Dementia Owl City 215 
Line : Do I Have To Cry For You,Nick Carter,218
Do I Have To Cry For You Nick Carter 218 
Line : Chapter Six,Kendrick Lamar,165
Chapter Six Kendrick Lamar 165 
Line : Thank You,Dido,223
Thank You Dido 223 
Line : 7 Days,Craig David,239
7 Days Craig David 239 
Line : The A Team,Ed Sheeran,259
The A Team Ed Sheeran 259 
Line : Me And You,Ringo Starr,135
Me And You Ringo Starr 135 
Line : Master Of Puppets,Metallica,517
Master Of Puppets Metallica 517 
Line : Never Say Goodbye (Adapted From _Pavane_),Hayley Westenra,196
Never Say Goodbye (Adapted From _Pavane_) Hayley Westenra 196 
Line : Good Day,Nappy Roots,223
Good Day Nappy Roots 223 
Line : Goodness Gracious,Ellie Goulding,227
Goodness Gracious Ellie Goulding 227 
Line : �j���p�R,���O��,224
�j���p�R ���O�� 224 
Line : Forget Her,Jeff Buckley,313
Forget Her Jeff Buckley 313 
Line : Lollipop,Mika,189
Lollipop Mika 189 
Line : Wait A Minute,The Notorious Cherry Bombs,166
Wait A Minute The Notorious Cherry Bombs 166 
Line : End Of The Line,Traveling Wilburys,207
End Of The Line Traveling Wilburys 207 
Line : In My Secret Life,Leonard Cohen,293
In My Secret Life Leonard Cohen 293 
Line : Making Memories Of Us,The Notorious Cherry Bombs,244
Making Memories Of Us The Notorious Cherry Bombs 244 
Line : Whatever You Like (Single Version),Anya Marina,229
Whatever You Like (Single Version) Anya Marina 229 
Line : How Could I,Marc Anthony,270
How Could I Marc Anthony 270 
Line : Breakdown,Jack Johnson,212
Breakdown Jack Johnson 212 
Line : Sick , Adelitas Way,191
Sick   Adelitas Way 191 
Line : Over The Rainbow _ What A Wonderful World,Israel Kamakawiwo'ole,295
Over The Rainbow _ What A Wonderful World Israel Kamakawiwo'ole 295 
Line : Silent Night,Taylor Swift,212
Silent Night Taylor Swift 212 
Line : Hero of the Soviet Union,The Dillinger Escape Plan,179
Hero of the Soviet Union The Dillinger Escape Plan 179 
Line : Lose You,Pete Yorn,278
Lose You Pete Yorn 278 
Line : Cups,Anna Kendrick,77
Cups Anna Kendrick 77 
Line : A Natural Disaster,Anathema,387
A Natural Disaster Anathema 387 
Line : �̵M�R�A,���O��,246
�̵M�R�A ���O�� 246 
Line : Junk Of The Heart (Happy),The Kooks,187
Junk Of The Heart (Happy) The Kooks 187 
Line : Handle This,SUM 41,218
Handle This SUM 41 218 
Line : Summer Sunshine (Album Version),The Corrs,175
Summer Sunshine (Album Version) The Corrs 175 
Line : I Believe In Love,Dixie Chicks,258
I Believe In Love Dixie Chicks 258 
Line : Like A Star,Corinne Bailey Rae,242
Like A Star Corinne Bailey Rae 242 
Line : Wanna Be Close,Avant,227
Wanna Be Close Avant 227 
Line : Limp Bizkit,The Truth,327
Limp Bizkit The Truth 327 
Line : Nothing But A Miracle,Diane Birch,266
Nothing But A Miracle Diane Birch 266 
Line : My Place,Nelly,275
My Place Nelly 275 
Line : And Then You,Greg Laswell,212
And Then You Greg Laswell 212 
Line : I'M Back,Eminem,312
I'M Back Eminem 312 
Line : Screaming For Vengeance ,Judas Priest,283
Screaming For Vengeance  Judas Priest 283 
Line : All Messed Up,Sum 41,164
All Messed Up Sum 41 164 
Line : Wargasm , L7,166
Wargasm   L7 166 
Line : kiss,Korn,250
kiss Korn 250 
Line : �Z���^�����w,�P�N��,247
�Z���^�����w �P�N�� 247 
Line : Hurt,Christina Aguilera,246
Hurt Christina Aguilera 246 
Line : Happy,Pharrell Williams,234
Happy Pharrell Williams 234 
Line : Dying In The Sun,The Cranberries,211
Dying In The Sun The Cranberries 211 
Line : My Derailment,Adelitas Way,217
My Derailment Adelitas Way 217 
Line : Paper Aeroplane,KT Tunstall,199
Paper Aeroplane KT Tunstall 199 
Line : Whiskey Lullaby,"Alison Krauss,Brad Paisley",260
Whiskey Lullaby Alison Krauss,Brad Paisley 260 
Line : Twilight Innocence,Novembers Doom,359
Twilight Innocence Novembers Doom 359 
Line : Forever Love,���O��,293
Forever Love ���O�� 293 
Line : Sowing Season,Brand New,273
Sowing Season Brand New 273 
Line : A Place Nearby,Lene Marlin,252
A Place Nearby Lene Marlin 252 
Line : Flat On The Floor,Nickelback,125
Flat On The Floor Nickelback 125 
Line : I Cry,Westlife,254
I Cry Westlife 254 
Line : Manhattan,Sara Bareilles,279
Manhattan Sara Bareilles 279 
Line : Use Your Fist And Not Your Mouth,Marilyn Manson,222
Use Your Fist And Not Your Mouth Marilyn Manson 222 
Line : Be Alright,Justin Bieber,191
Be Alright Justin Bieber 191 
Line : ²��R,�P�N��,271
²��R �P�N�� 271 
Line : ���,�P�N��,264
��� �P�N�� 264 
Line : Who The Fuck_,Pj Harvey,126
Who The Fuck_ Pj Harvey 126 
Line : Lose Yourself,Eminem,330
Lose Yourself Eminem 330 
Line : Godspeed (Sweet Dreams),Dixie Chicks,287
Godspeed (Sweet Dreams) Dixie Chicks 287 
Line : Parachute,Sean Lennon,201
Parachute Sean Lennon 201 
Line : Amazing Grace,Olivia Ong,251
Amazing Grace Olivia Ong 251 
Line : My Life Would Suck Without You,Kelly Clarkson,215
My Life Would Suck Without You Kelly Clarkson 215 
Line : ���ڤ@���q���ɶ�,�P�N��,254
���ڤ@���q���ɶ� �P�N�� 254 
Line : Shitlist , L7,179
Shitlist   L7 179 
Line : Marching Bands Of Manhattan,Death Cab For Cutie,253
Marching Bands Of Manhattan Death Cab For Cutie 253 
Line : me vs. maradona vs. elvis,Brand New,319
me vs. maradona vs. elvis Brand New 319 
Line : Beauty In The World,Macy Gray,230
Beauty In The World Macy Gray 230 
Line : When I Go,Slow Club,186
When I Go Slow Club 186 
Line : Everything At Once,Lenka,160
Everything At Once Lenka 160 
Line : Even Heaven Cries,Monrose,240
Even Heaven Cries Monrose 240 
Line : 03.45 _ No Sleep,The Cardigans,228
03.45 _ No Sleep The Cardigans 228 
Line : Marry You,Bruno Mars,229
Marry You Bruno Mars 229 
Line : �]���ĤC��,�P�N��,229
�]���ĤC�� �P�N�� 229 
Line : �ɥ���,�P�N��,312
�ɥ��� �P�N�� 312 
Line : Hide And Seek,Dannii Minogue,190
Hide And Seek Dannii Minogue 190 
Line : Kiss Me Slowly,Parachute,237
Kiss Me Slowly Parachute 237 
Line : Hey Man (Now You'Re Really Living),Eels,181
Hey Man (Now You'Re Really Living) Eels 181 
Line : Roll To Me,Del Amitri,132
Roll To Me Del Amitri 132 
Line : Want,Natalie Imbruglia,257
Want Natalie Imbruglia 257 
Line : The Long And Winding Road,Paul McCartney,228
The Long And Winding Road Paul McCartney 228 
Line : How To Fight  Loneliness,Wilco,232
How To Fight  Loneliness Wilco 232 
Line : Eyeless [Explicit],Slipknot,240
Eyeless [Explicit] Slipknot 240 
Line : Break Stuff,Limp Bizkit,168
Break Stuff Limp Bizkit 168 
Line : Cute,David Steinberg,229
Cute David Steinberg 229 
Line : Don't Leave Me (Ne Me Quitte Pas),regina spektor,220
Don't Leave Me (Ne Me Quitte Pas) regina spektor 220 
Line : This New Heartache,Vince Gill,215
This New Heartache Vince Gill 215 
Line : What a Wonderful World,Stacey Kent,271
What a Wonderful World Stacey Kent 271 
Line : The Parting Glass,The High Kings,253
The Parting Glass The High Kings 253 
Line : Only,Nine Inch Nails,701
Only Nine Inch Nails 701 
Line : Pink Rabbits,The National,282
Pink Rabbits The National 282 
Line : Even Now,William Fitzsimmons,176
Even Now William Fitzsimmons 176 
Line : The Chosen Pessimist,In Flames,493
The Chosen Pessimist In Flames 493 
Line : Like a Cat,AOA,224
Like a Cat AOA 224 
Line : Just Hold Me,Maria Mena,267
Just Hold Me Maria Mena 267 
Line : I Feel It All,Feist,219
I Feel It All Feist 219 
Line : Better Together,Jack Johnson,207
Better Together Jack Johnson 207 
Line : Always Getting Over You,Angela Ammons,253
Always Getting Over You Angela Ammons 253 
Line : Surviving The Times , Nas,283
Surviving The Times   Nas 283 
Line : Don'T Stop Me Now,Queen,212
Don'T Stop Me Now Queen 212 
Line : Reason to Believe,Sum 41,156
Reason to Believe Sum 41 156 
Line : Cold As You,Taylor Swift,242
Cold As You Taylor Swift 242 
Line : Let It Go,Demi Lovato,227
Let It Go Demi Lovato 227 
Line : Something Good Can Work,Two Door Cinema Club,193
Something Good Can Work Two Door Cinema Club 193 
Line : Cartoon Heroes,Aqua,229
Cartoon Heroes Aqua 229 
Line : Jailcell Mind,Hayley Sales,235
Jailcell Mind Hayley Sales 235 
Line : Temptation,Moby,298
Temptation Moby 298 
Line : Light Up the Sky,The Afters,217
Light Up the Sky The Afters 217 
Line : Blue Velvet,Lana Del Rey,159
Blue Velvet Lana Del Rey 159 
Line : You Give Me Something,James Morrison,213
You Give Me Something James Morrison 213 
Line : Again And Again,Jewel,241
Again And Again Jewel 241 
Line : I Need Some Sleep,Eels,97
I Need Some Sleep Eels 97 
Line : Sunshine,Matt Costa,155
Sunshine Matt Costa 155 
Line : Mobile,Avril Lavigne,214
Mobile Avril Lavigne 214 
Line : Please,Tristan Prettyman,193
Please Tristan Prettyman 193 
Line : ���Ыȴ�,�P�N��,274
���Ыȴ� �P�N�� 274 
Line : Ldn,Lily Allen,195
Ldn Lily Allen 195 
Line : Send It Up,"King Louie,Kanye West",181
Send It Up King Louie,Kanye West 181 
Line : 'Till I Collapse,Eminem,299
'Till I Collapse Eminem 299 
Line : Vanilla Twilight,Owl City,234
Vanilla Twilight Owl City 234 
Line : Shattered,trading yesterday,295
Shattered trading yesterday 295 
Line : "tyler, the creator",yonkers,249
tyler, the creator yonkers 249 
Line : Flying,Anathema,358
Flying Anathema 358 
Line : Stutter,Maroon 5,526
Stutter Maroon 5 526 
Line : Look On Down From The Bridge,Mazzy Star,287
Look On Down From The Bridge Mazzy Star 287 
Line : Hello,Tristan Prettyman,207
Hello Tristan Prettyman 207 
Line : ���F��,�P�N��,256
���F�� �P�N�� 256 
Line : Time for You to Go,Sum 41,182
Time for You to Go Sum 41 182 
Line : return to me,october project,258
return to me october project 258 
Line : sum 41,skumfuk,204
sum 41 skumfuk 204 
Line : Funny Little Frog,belle and sebastian,188
Funny Little Frog belle and sebastian 188 
Line : Skipalong,Lenka,236
Skipalong Lenka 236 
Line : Choose Love,Ringo Starr,188
Choose Love Ringo Starr 188 
Line : Fall For Your Type,Jamie Foxx,236
Fall For Your Type Jamie Foxx 236 
Line : Billy Brown,MIKA,199
Billy Brown MIKA 199 
Line : Goodbye my lover,James blunt,253
Goodbye my lover James blunt 253 
Line : St. Anger,Metallica,441
St. Anger Metallica 441 
Line : In My Secret Life,Leonard Cohen,233
In My Secret Life Leonard Cohen 233 
Line : Awaken,Disturbed,269
Awaken Disturbed 269 
Line : Get Lucky,dragonette,186
Get Lucky dragonette 186 
Line : The Crime At Edmond Lake,Tamas Wells,200
The Crime At Edmond Lake Tamas Wells 200 
Line : Who Knew , Eminem,230
Who Knew   Eminem 230 
Line : �]��,�P�N��,228
�]�� �P�N�� 228 
Line : Catholic Pagans,surfer blood,193
Catholic Pagans surfer blood 193 
Line : Fascination,Alphabeat,186
Fascination Alphabeat 186 
Line : How To Save A Life,The Fray,262
How To Save A Life The Fray 262 
Line : Liberate , Disturbed,211
Liberate   Disturbed 211 
Line : Hurt,Johnny Cash,218
Hurt Johnny Cash 218 
Line : 1234,Feist,489
1234 Feist 489 
Line : Goodbye,Sophie Zelmani,204
Goodbye Sophie Zelmani 204 
Line : The Channel , Limp Bizkit,278
The Channel   Limp Bizkit 278 
Line : When You Wish Upon A Star,Rosemary Clooney,190
When You Wish Upon A Star Rosemary Clooney 190 
Line : Seven Years,Norah Jones,147
Seven Years Norah Jones 147 
Line : Sermon,Drowning Pool,259
Sermon Drowning Pool 259 
Line : So Much Love,the rocket summer,237
So Much Love the rocket summer 237 
Line : End Of May,Keren Ann,213
End Of May Keren Ann 213 
Line : Hardly Wait,Pj Harvey,169
Hardly Wait Pj Harvey 169 
Line : California Dreaming,North,162
California Dreaming North 162 
Line : Modern Nature,Sondre Lerche,220
Modern Nature Sondre Lerche 220 
Line : Living In The Moment,Jason Mraz,239
Living In The Moment Jason Mraz 239 
Line : Playing Your Song,Hole,203
Playing Your Song Hole 203 
Line : Pick Up the Phone,Falling In Reverse,279
Pick Up the Phone Falling In Reverse 279 
Line : Breathe,Telepopmusik,286
Breathe Telepopmusik 286 
Line : One Time,Justin Bieber,218
One Time Justin Bieber 218 
Line : Carried Away,Passion Pit,224
Carried Away Passion Pit 224 
Line : Alone (2000 Digital Remaster),Heart,222
Alone (2000 Digital Remaster) Heart 222 
Line : I'M Sorry That The Kitchen Is On Fire,Tamas Wells,189
I'M Sorry That The Kitchen Is On Fire Tamas Wells 189 
Line : the corrs,rain,255
the corrs rain 255 
Line : Stranger,Noah And The Whale,320
Stranger Noah And The Whale 320 
Line : The Day Before The Day,Dido,254
The Day Before The Day Dido 254 
Line : The Girl I Knew Somewhere,The Monkees,152
The Girl I Knew Somewhere The Monkees 152 
Line : If I Had a Boat,James Vincent McMorrow,273
If I Had a Boat James Vincent McMorrow 273 
Line : Love Song For 1,Corrinne May,289
Love Song For 1 Corrinne May 289 
Line : Physical (You'Re So),Nine Inch Nails,331
Physical (You'Re So) Nine Inch Nails 331 
Line : I Need My Girl,The National,251
I Need My Girl The National 251 
Line : Shadow,Britney Spears,228
Shadow Britney Spears 228 
Line : Inside,Bang Gang,342
Inside Bang Gang 342 
Line : Somebody That I Used To Know,Gotye,248
Somebody That I Used To Know Gotye 248 
Line : Electric Daydream,Viva Brother,229
Electric Daydream Viva Brother 229 
Line : Lost & Found,Lianne La Havas,269
Lost & Found Lianne La Havas 269 
Line : "Hey, Soul Sister",Train,219
Hey, Soul Sister Train 219 
Line : Evolution,Korn,218
Evolution Korn 218 
Line : Sugarcane,Missy Higgins,197
Sugarcane Missy Higgins 197 
Line : Living To Love You,Sarah Connor,690
Living To Love You Sarah Connor 690 
Line : Daydream Believer,The Monkees,468
Daydream Believer The Monkees 468 
Line : Cage The Beast , Adelitas Way,197
Cage The Beast   Adelitas Way 197 
Line : Wake Me Up Before You Go Go,Wham,231
Wake Me Up Before You Go Go Wham 231 
Line : Falling Up,John Hiatt,220
Falling Up John Hiatt 220 
Line : Bubbly,Colbie Caillat,222
Bubbly Colbie Caillat 222 
Line : Letting Go,Jo De La Rosa,211
Letting Go Jo De La Rosa 211 
Line : Home,Michael Bubl��,542
Home Michael Bubl�� 542 
Line : Saturday'S Child,The Monkees,161
Saturday'S Child The Monkees 161 
Line : One Mic , Nas,269
One Mic   Nas 269 
Line : Pig,Sparklehorse,146
Pig Sparklehorse 146 
Line : You Could Be Mine , Guns N' Roses,347
You Could Be Mine   Guns N' Roses 347 
Line : I Knew I Loved You,Savage Garden,254
I Knew I Loved You Savage Garden 254 
Line : Enter Sandman,Metallica,459
Enter Sandman Metallica 459 
Line : No Promises,Shayne Ward,224
No Promises Shayne Ward 224 
Line : Unwritten,Natasha Bedingfield,263
Unwritten Natasha Bedingfield 263 
Line : I Hate Everything About You,Three Days Grace,233
I Hate Everything About You Three Days Grace 233 
Line : Preparing To Leave,Lunik,266
Preparing To Leave Lunik 266 
Line : If I Were A Boy,Beyonce,253
If I Were A Boy Beyonce 253 
Line : Street Map,Athlete,281
Street Map Athlete 281 
Line : Forever Young,Alphaville,226
Forever Young Alphaville 226 
Line : The First Days Of Spring,Noah And The Whale,401
The First Days Of Spring Noah And The Whale 401 
Line : The Airway,Owl City,262
The Airway Owl City 262 
Line : Shades Of Gray,The Monkees,199
Shades Of Gray The Monkees 199 
Line : Let It Rain,Olivia Ong,271
Let It Rain Olivia Ong 271 
Line : Love In December,Club 8,222
Love In December Club 8 222 
Line : 25 To Life,Eminem,644
25 To Life Eminem 644 
Line : Somewhat Damaged,Nine Inch Nails,271
Somewhat Damaged Nine Inch Nails 271 
Line : Little Love Caster,Laura Marling,352
Little Love Caster Laura Marling 352 
Line : Otherside,Viva Brother,223
Otherside Viva Brother 223 
Line : Nothing Compares,Pixie Lott,217
Nothing Compares Pixie Lott 217 
Line : Shake Up Christmas 2011,Natasha Bedingfield,231
Shake Up Christmas 2011 Natasha Bedingfield 231 
Line : By Our Love,Christy Nockels,221
By Our Love Christy Nockels 221 
Line : Behind These Hazel Eyes,Kelly Clarkson,197
Behind These Hazel Eyes Kelly Clarkson 197 
Line : eminem,no afraid,248
eminem no afraid 248 
Line : Marry You,Bruno Mars,231
Marry You Bruno Mars 231 
Line : Shade Of Blue,Black Rebel Motorcycle Club,263
Shade Of Blue Black Rebel Motorcycle Club 263 
Line : The Ketchup Song (Asereje),Cats Up,207
The Ketchup Song (Asereje) Cats Up 207 
Line : Civil War , Guns N' Roses,466
Civil War   Guns N' Roses 466 
Line : Fun.,All The Pretty Girls,203
Fun. All The Pretty Girls 203 
Line : I Am Hated (Album Version),Album Version,161
I Am Hated (Album Version) Album Version 161 
Line : Never Grow Up,Taylor Swift,296
Never Grow Up Taylor Swift 296 
Line : Eyepennies,Sparklehorse,330
Eyepennies Sparklehorse 330 
Line : The Saltwater Room,Owl City,246
The Saltwater Room Owl City 246 
Line : Shape Of My Heart,Sting,278
Shape Of My Heart Sting 278 
Line : ever be,Korn,770
ever be Korn 770 
Line : Summer Cannibals , Patti Smith,249
Summer Cannibals   Patti Smith 249 
Line : Stay The Same,Joey Mcintyre,227
Stay The Same Joey Mcintyre 227 
Line : Criminal,Eminem,321
Criminal Eminem 321 
Line : Love Love Love (Album Version),Tristan Prettyman,208
Love Love Love (Album Version) Tristan Prettyman 208 
Line : Almost Lover (Album Version),A Fine Frenzy,274
Almost Lover (Album Version) A Fine Frenzy 274 
Line : Forgotten Hopes,Anathema,231
Forgotten Hopes Anathema 231 
Line : Hey Julie,Fountains of Wayne,157
Hey Julie Fountains of Wayne 157 
Line : Is There Somebody Who Can Watch You,The 1975,175
Is There Somebody Who Can Watch You The 1975 175 
Line : Nicest Thing,Kate Nash,247
Nicest Thing Kate Nash 247 
Line : Cry On My Shoulder,Bonnie Raitt,224
Cry On My Shoulder Bonnie Raitt 224 
Line : Cancer,My Chemical Romance,144
Cancer My Chemical Romance 144 
Line : Follow You Down To The Red Oak Tree,James Vincent McMorrow,204
Follow You Down To The Red Oak Tree James Vincent McMorrow 204 
Line : Haunted,Taylor Swift,248
Haunted Taylor Swift 248 
Line : Wise Up,Aimee Mann,209
Wise Up Aimee Mann 209 
Line : Littlest Things,Lily Allen,186
Littlest Things Lily Allen 186 
Line : Holiday Album Version, Green Day,0
Holiday Album Version  Green Day 0 
Line : Between Sheets,Imogen Heap,173
Between Sheets Imogen Heap 173 
Line : Burn In My Light,Mercy Drive,634
Burn In My Light Mercy Drive 634 
Line : Skinnyman , Static-X,220
Skinnyman   Static-X 220 
Line : Crashed The Wedding,Busted,162
Crashed The Wedding Busted 162 
Line : My Love,Lene Marlin,272
My Love Lene Marlin 272 
Line : We're Going To Be Friends,The White Stripes,139
We're Going To Be Friends The White Stripes 139 
Line : Marshall Mathers,Eminem,323
Marshall Mathers Eminem 323 
Line : Alfie,Lily Allen,170
Alfie Lily Allen 170 
Line : Seventeen,Keren Ann,146
Seventeen Keren Ann 146 
Line : The Sighting,A Fine Frenzy,302
The Sighting A Fine Frenzy 302 
Line : Hands On The Radio,Chris Garneau,238
Hands On The Radio Chris Garneau 238 
Line : The Scientist,Coldplay,311
The Scientist Coldplay 311 
Line : But For Now,Jamie Cullum,241
But For Now Jamie Cullum 241 
Line : Love You So,Natalie,218
Love You So Natalie 218 
Line : Loving You Tonight,Andrew Allen,181
Loving You Tonight Andrew Allen 181 
Line : Violet,Hole,207
Violet Hole 207 
Line : Walking On Sunshine,Katrina And The Waves,236
Walking On Sunshine Katrina And The Waves 236 
Line : Save Me From Myself,Christina Aguilera,196
Save Me From Myself Christina Aguilera 196 
Line : Pleasant Valley Sunday,The Monkees,186
Pleasant Valley Sunday The Monkees 186 
Line : Mrs. T.,Good Lovelies,238
Mrs. T. Good Lovelies 238 
Line : Angry Again , Megadeth,242
Angry Again   Megadeth 242 
Line : Thanks For Nothing,Sum 41,184
Thanks For Nothing Sum 41 184 
Line : Summertrain,Greyson Chance,274
Summertrain Greyson Chance 274 
Line : La Ballade Of Lady & Bird,Lady & Bird,283
La Ballade Of Lady & Bird Lady & Bird 283 
Line : Honestly,Jo De La Rosa,208
Honestly Jo De La Rosa 208 
Line : If This Was a Movie,Taylor Swift,238
If This Was a Movie Taylor Swift 238 
Line : Breeze,Sophie Zelmani,246
Breeze Sophie Zelmani 246 
Line : Remember The Day,Animal Alpha,166
Remember The Day Animal Alpha 166 
Line : All I Ever Wanted,The Airborne Toxic Event,312
All I Ever Wanted The Airborne Toxic Event 312 
Line : Open,Rhye,216
Open Rhye 216 
Line : Stacy's Mom,Fountains of Wayne,198
Stacy's Mom Fountains of Wayne 198 
Line : Eat You Alive , Limp Bizkit,237
Eat You Alive   Limp Bizkit 237 
Line : Christmas Lights,Coldplay,246
Christmas Lights Coldplay 246 
Line : Take It Off,Andrew W.K.,191
Take It Off Andrew W.K. 191 
Line : Blue Skies,Lady & Bird,255
Blue Skies Lady & Bird 255 
Line : Here Come The Tears,Judas Priest,276
Here Come The Tears Judas Priest 276 
Line : Communication,The Cardigans,272
Communication The Cardigans 272 
Line : Underclass Hero,Sum 41,194
Underclass Hero Sum 41 194 
Line : Gold,Owl City,240
Gold Owl City 240 
Line : Blood Roses , Tori Amos,322
Blood Roses   Tori Amos 322 
Line : Last Train To Clarksville,The Monkees,164
Last Train To Clarksville The Monkees 164 
Line : they,Jem,526
they Jem 526 
Line : Breaking Your Own Heart,Kelly Clarkson,232
Breaking Your Own Heart Kelly Clarkson 232 
Line : Haunted,Radical Face,323
Haunted Radical Face 323 
Line : Shelter,Birdy,576
Shelter Birdy 576 
Line : Mine,Taylor Swift,235
Mine Taylor Swift 235 
Line : The Key , Limp Bizkit,86
The Key   Limp Bizkit 86 
Line : It'S Not Over (Death Or The Toy Piano),The Puppini Sisters,195
It'S Not Over (Death Or The Toy Piano) The Puppini Sisters 195 
Line : A Thousand Kisses Deep,Leonard Cohen,386
A Thousand Kisses Deep Leonard Cohen 386 
Line : Dear Diary,Britney Spears,171
Dear Diary Britney Spears 171 
Line : How,regina spektor,288
How regina spektor 288 
Line : Here Comes A Regular,The Replacements,291
Here Comes A Regular The Replacements 291 
Line : When You'Re Gone,Avril Lavigne,244
When You'Re Gone Avril Lavigne 244 
Line : The Blower'S Daughter,Damien Rice,292
The Blower'S Daughter Damien Rice 292 
Line : Born To Die,Lana Del Rey,289
Born To Die Lana Del Rey 289 
Line : She Will Be Loved,Maroon 5,245
She Will Be Loved Maroon 5 245 
Line : Grace,Laura Story,276
Grace Laura Story 276 
Line : Beautiful Girls,Sean Kingston,225
Beautiful Girls Sean Kingston 225 
Line : ?�Till I Collapse,Eminem feat. Nate Dogg,300
?�Till I Collapse Eminem feat. Nate Dogg 300 
Line : Sometimes I Feel So Lonely,Primal Scream,306
Sometimes I Feel So Lonely Primal Scream 306 
Line : Unfold,The XX,187
Unfold The XX 187 
Line : King Of Anything,Sara Bareilles,209
King Of Anything Sara Bareilles 209 
Line : The Worry List,Blue October,277
The Worry List Blue October 277 
Line : Rush,Talib Kweli,222
Rush Talib Kweli 222 
Line : Year 3000,Jonas Brothers,538
Year 3000 Jonas Brothers 538 
Line : 1(If Youre Wondering If I Want You To) I Want You To,Weezer,209
1(If Youre Wondering If I Want You To) I Want You To Weezer 209 
Line : Small Hours,John Martyn,1396
Small Hours John Martyn 1396 
Line : Here Comes The Sun,The Beatles,189
Here Comes The Sun The Beatles 189 
Line : No Tears,James Blunt,232
No Tears James Blunt 232 
Line : Aubrey (Lp Version),Bread,219
Aubrey (Lp Version) Bread 219 
Line : Speak Your Heart,Lizz Wright,225
Speak Your Heart Lizz Wright 225 
Line : Stan,Eminem,406
Stan Eminem 406 
Line : Shape Of My Heart,Backstreet Boys,231
Shape Of My Heart Backstreet Boys 231 
Line : All Nightmare Long , Metallica,477
All Nightmare Long   Metallica 477 
Line : With Teeth,Nine Inch Nails,337
With Teeth Nine Inch Nails 337 
Line : Forget That Girl,The Monkees,150
Forget That Girl The Monkees 150 
Line : A Public Affair,Jessica Simpson,201
A Public Affair Jessica Simpson 201 
Line : Motorbreath , Metallica,202
Motorbreath   Metallica 202 
Line : L.I.F.E.G.O.E.S.O.N.,Noah And The Whale,227
L.I.F.E.G.O.E.S.O.N. Noah And The Whale 227 
Line : Red,Taylor Swift,223
Red Taylor Swift 223 
Line : Backyard,Good Lovelies,238
Backyard Good Lovelies 238 
Line : A Thousand Miles,Vanessa Carlton,243
A Thousand Miles Vanessa Carlton 243 
Line : Seventeen,Keren Ann,146
Seventeen Keren Ann 146 
Line : Girl In Your Dreams,M2M,226
Girl In Your Dreams M2M 226 
Line : Dancing In The Moonlight,Toploader,233
Dancing In The Moonlight Toploader 233 
Line : Polly,Keren Ann,198
Polly Keren Ann 198 
Line : Killer On The Road,Oh Laura,234
Killer On The Road Oh Laura 234 
Line : Her Morning Elegance,Oren Lavie,218
Her Morning Elegance Oren Lavie 218 
Line : Barbie Girl,Aqua,202
Barbie Girl Aqua 202 
Line : Defy You , The Offspring,228
Defy You   The Offspring 228 
Line : I Don'T Want To Say Goodbye,Teddy Thompson,197
I Don'T Want To Say Goodbye Teddy Thompson 197 
Line : Sweet Amber,Metallica,327
Sweet Amber Metallica 327 
Line : Hear The Noise That Moves So Soft And Low,James Vincent McMorrow,243
Hear The Noise That Moves So Soft And Low James Vincent McMorrow 243 
Line : Restless,Alison Krauss & Union Station,175
Restless Alison Krauss & Union Station 175 
Line : Please Sister,The Cardigans,280
Please Sister The Cardigans 280 
Line : Before You Die,Bad Religion,412
Before You Die Bad Religion 412 
Line : I'Ll Be Your Man,James Blunt,219
I'Ll Be Your Man James Blunt 219 
Line : Hot Air Balloon,Owl City,568
Hot Air Balloon Owl City 568 
Line : Love Generation,Bob Sinclar,177
Love Generation Bob Sinclar 177 
Line : The Hill,Marketa Irglova,276
The Hill Marketa Irglova 276 
Line : The Moment I Knew,Taylor Swift,765
The Moment I Knew Taylor Swift 765 
Line : My Name Is Trouble,Keren Ann,253
My Name Is Trouble Keren Ann 253 
Line : Jesus Christ Pose , Soundgarden,383
Jesus Christ Pose   Soundgarden 383 
Line : Erased,Annie Lennox,280
Erased Annie Lennox 280 
Line : Melt The Snow,Shayne Ward,232
Melt The Snow Shayne Ward 232 
Line : Foundations,Kate Nash,249
Foundations Kate Nash 249 
Line : Wild World,Mr. Big,209
Wild World Mr. Big 209 
Line : Only Ones Who Know,Arctic Monkeys,187
Only Ones Who Know Arctic Monkeys 187 
Line : Great Divide,Hanson,240
Great Divide Hanson 240 
Line : Fat Lip,SUM 41,180
Fat Lip SUM 41 180 
Line : Limit To Your Love,Feist,696
Limit To Your Love Feist 696 
Line : Dying,Hole,225
Dying Hole 225 
Line : Back To December,Taylor Swift,298
Back To December Taylor Swift 298 
Line : Favorite Song,Colbie Caillat,230
Favorite Song Colbie Caillat 230 
Line : Half Life,Imogen Heap,242
Half Life Imogen Heap 242 
Line : Words,The Monkees,166
Words The Monkees 166 
Line : Cry For Help,Rick Astley,291
Cry For Help Rick Astley 291 
Line : All Too Well,Taylor Swift,848
All Too Well Taylor Swift 848 
Line : With Him,Babyface,287
With Him Babyface 287 
Line : A N I C,Sum 41,41
A N I C Sum 41 41 
Line : Pride,Manchester Orchestra,361
Pride Manchester Orchestra 361 
Line : Caving In,Kimya Dawson,184
Caving In Kimya Dawson 184 
Line : Smoke,Tristan Prettyman,225
Smoke Tristan Prettyman 225 
Line : Suicide Is Painless,Lady & Bird,179
Suicide Is Painless Lady & Bird 179 
Line : Annihilation By The Hands Of God (Album Version) , Roadrunner United ,333
Annihilation By The Hands Of God (Album Version)   Roadrunner United  333 
Line : Treacherous,Taylor Swift,663
Treacherous Taylor Swift 663 
Line : Because Trees Can Fly,Lampshade,273
Because Trees Can Fly Lampshade 273 
Line : Elizabeth On The Bathroom Floor,Eels,129
Elizabeth On The Bathroom Floor Eels 129 
Line : Glad You Came,The Wanted,198
Glad You Came The Wanted 198 
Line : Pancake,Tori Amos,357
Pancake Tori Amos 357 
Line : We Exchanged Words,Azure Ray,169
We Exchanged Words Azure Ray 169 
Line : Gone , Kelly Clarkson,208
Gone   Kelly Clarkson 208 
Line : The Love That Harms,John Hiatt,174
The Love That Harms John Hiatt 174 
Line : You Know What,Craig David,217
You Know What Craig David 217 
Line : Last Christmas,Taylor Swift,208
Last Christmas Taylor Swift 208 
Line : Tonight I Wanna Cry,Keith Urban,259
Tonight I Wanna Cry Keith Urban 259 
Line : Cold Water,Damien Rice,301
Cold Water Damien Rice 301 
Line : Down,"Jason Walker,Molly Reed",249
Down Jason Walker,Molly Reed 249 
Line : Heaven,Beyonce,231
Heaven Beyonce 231 
Line : Something Told Me,Coal Chamber,202
Something Told Me Coal Chamber 202 
Line : Should'Ve Said No,Taylor Swift,246
Should'Ve Said No Taylor Swift 246 
Line : Don'T Stop Movin',S Club 7,237
Don'T Stop Movin' S Club 7 237 
Line : Life For Rent,Dido,225
Life For Rent Dido 225 
Line : Death To Birth,Michael Pitt,286
Death To Birth Michael Pitt 286 
Line : Here I Am,Leona Lewis,293
Here I Am Leona Lewis 293 
Line : Second Hand,Bachman-Turner Overdrive,203
Second Hand Bachman-Turner Overdrive 203 
Line : Man! I Feel Like A Woman!,Shania Twain,233
Man! I Feel Like A Woman! Shania Twain 233 
Line : Untouchable,Taylor Swift,314
Untouchable Taylor Swift 314 
Line : just like heaven,Katie Melua,218
just like heaven Katie Melua 218 
Line : Maybe , Kelly Clarkson,267
Maybe   Kelly Clarkson 267 
Line : Then Go [Live From Union Chapel],Damien Rice,350
Then Go [Live From Union Chapel] Damien Rice 350 
Line : Time Enough For Tears (Borrowed Heaven_Album Version),The Corrs,307
Time Enough For Tears (Borrowed Heaven_Album Version) The Corrs 307 
Line : Party Til You Puke,Andrew W.K.,155
Party Til You Puke Andrew W.K. 155 
Line : Look Out (Here Comes Tomorrow),The Monkees,132
Look Out (Here Comes Tomorrow) The Monkees 132 
Line : Stay Away , Nirvana,215
Stay Away   Nirvana 215 
Line : More Like Her,Miranda Lambert,560
More Like Her Miranda Lambert 560 
Line : Misery,Maroon 5,576
Misery Maroon 5 576 
Line : Windmills Of Your Mind,Sting,259
Windmills Of Your Mind Sting 259 
Line : Is This All,�d�ػ�,219
Is This All �d�ػ� 219 
Line : Ballad Of Ira Hayes,Johnny Cash,173
Ballad Of Ira Hayes Johnny Cash 173 
Line : Happy Xmas (War Is Over),The Moody Blues,158
Happy Xmas (War Is Over) The Moody Blues 158 
Line : Kill You,Eminem,267
Kill You Eminem 267 
Line : The Day I Died,Just Jack,220
The Day I Died Just Jack 220 
Line : Never Know,Jack Johnson,212
Never Know Jack Johnson 212 
Line : To All The Girls,Aaron Carter,209
To All The Girls Aaron Carter 209 
Line : The Angry Mob , Kaiser Chiefs,285
The Angry Mob   Kaiser Chiefs 285 
Line : Sunshine In The Rain,Bwo,214
Sunshine In The Rain Bwo 214 
Line : Breaking The Law , Judas Priest,153
Breaking The Law   Judas Priest 153 
Line : The Lazy Song,Bruno Mars,190
The Lazy Song Bruno Mars 190 
Line : Amnesia,The Fabulous Thunderbirds,225
Amnesia The Fabulous Thunderbirds 225 
Line : my gift of silence,Blackfield,245
my gift of silence Blackfield 245 
Line : Like Toy Soldiers , Eminem,303
Like Toy Soldiers   Eminem 303 
Line : Blonde On Blonde,Nada Surf,277
Blonde On Blonde Nada Surf 277 
Line : Stupid,Toni Braxton,217
Stupid Toni Braxton 217 
Line : To The Country,Laura Veirs And Saltbreakers,309
To The Country Laura Veirs And Saltbreakers 309 
Line : Like A Song,Lenka,204
Like A Song Lenka 204 
Line : Everyday,Sausalito Foxtrot,102
Everyday Sausalito Foxtrot 102 
Line : Hallelujah,Rufus Wainwright,249
Hallelujah Rufus Wainwright 249 
Line : Beautiful Soul,Jesse Mccartney,199
Beautiful Soul Jesse Mccartney 199 
Line : Blood Red,Slayer,167
Blood Red Slayer 167 
Line : Much Farther To Go,Rosie Thomas,258
Much Farther To Go Rosie Thomas 258 
Line : It Doesn't Have To Be Beautiful,Slow Club,224
It Doesn't Have To Be Beautiful Slow Club 224 
Line : Fireflies,Owl City,230
Fireflies Owl City 230 
Line : Sometimes,Britney Spears,250
Sometimes Britney Spears 250 
Line : imagine me without you,Jaci Velasquez,250
imagine me without you Jaci Velasquez 250 
Line : 5 Years Time,Noah And The Whale,216
5 Years Time Noah And The Whale 216 
Line : The Veldt (Radio Edit),Deadmau5,172
The Veldt (Radio Edit) Deadmau5 172 
Line : Christmas In My Heart (Single Version),Sarah Connor,259
Christmas In My Heart (Single Version) Sarah Connor 259 
Line : Don'T Let The Man Get You Down,Fatboy Slim,241
Don'T Let The Man Get You Down Fatboy Slim 241 
Line : I M Still Breathing,Katy Perry,232
I M Still Breathing Katy Perry 232 
Line : Scarborough Fair,Sarah Brightman,257
Scarborough Fair Sarah Brightman 257 
Line : Creeping Death , Metallica,396
Creeping Death   Metallica 396 
Line : In The Morning,Club 8,162
In The Morning Club 8 162 
Line : Let Me Down,Kelly Clarkson,207
Let Me Down Kelly Clarkson 207 
Line : Dream,Priscilla Ahn,214
Dream Priscilla Ahn 214 
Line : Free,Good Lovelies,177
Free Good Lovelies 177 
Line : American Idiot (Album Version) , Green Day,176
American Idiot (Album Version)   Green Day 176 
Line : To Blossom Blue,Lake Of Tears,495
To Blossom Blue Lake Of Tears 495 
Line : The Propaganda , Limp Bizkit,316
The Propaganda   Limp Bizkit 316 
Line : Songs Like This,Carrie Underwood,161
Songs Like This Carrie Underwood 161 
Line : Falling In Love At A Coffee Shop,Landon Pigg,247
Falling In Love At A Coffee Shop Landon Pigg 247 
Line : We Are Golden,MIKA,240
We Are Golden MIKA 240 
Line : Here Without You,3 Doors Down,251
Here Without You 3 Doors Down 251 
Line : "Endless, Nameless",Nirvana,405
Endless, Nameless Nirvana 405 
Line : Sextape,Deftones,243
Sextape Deftones 243 
Line : You,chris young,164
You chris young 164 
Line : As Long As You Love Me,Backstreet Boys,225
As Long As You Love Me Backstreet Boys 225 
Line : �O���O�o�˪��]�ߧA�~�|�o�˪��Q�_��,�d�v��,283
�O���O�o�˪��]�ߧA�~�|�o�˪��Q�_�� �d�v�� 283 
Line : Lonely Enough,Little Big Town,267
Lonely Enough Little Big Town 267 
Line : A Place Nearby,Lene Marlin,252
A Place Nearby Lene Marlin 252 
Line : Lost Without You,Delta Goodrem,249
Lost Without You Delta Goodrem 249 
Line : Battery , Metallica,316
Battery   Metallica 316 
Line : Take A Giant Step,The Monkees,151
Take A Giant Step The Monkees 151 
Line : Wild Is The Wind,Amel Larrieux,177
Wild Is The Wind Amel Larrieux 177 
Line : The Surrender,Limp Bizkit,239
The Surrender Limp Bizkit 239 
Line : Happiness,The Fray,325
Happiness The Fray 325 
Line : Home,Michael Bubl��,542
Home Michael Bubl�� 542 
Line : Invisible,Taylor Swift,206
Invisible Taylor Swift 206 
Line : �A��q�e�ּ�,�d�v��,235
�A��q�e�ּ� �d�v�� 235 
Line : �A��q�e�ּ�,�P�N��,202
�A��q�e�ּ� �P�N�� 202 
Line : She,The Monkees,160
She The Monkees 160 
Line : You Stole,Brand New,360
You Stole Brand New 360 
Line : Orchids,Stone Sour,264
Orchids Stone Sour 264 
Line : Gunpowder & Lead,Miranda Lambert,514
Gunpowder & Lead Miranda Lambert 514 
Line : �R�A,���߭�,219
�R�A ���߭� 219 
Line : Be Still,Kari Jobe,205
Be Still Kari Jobe 205 
Line : Cuddly Toy,The Monkees,165
Cuddly Toy The Monkees 165 
Line : I Can See Clearly Now,Jimmy Cliff,200
I Can See Clearly Now Jimmy Cliff 200 
Line : The Forgotten,Green Day,301
The Forgotten Green Day 301 
Line : The Ripper , Judas Priest,161
The Ripper   Judas Priest 161 
Line : Pretty Fly (For A White Guy) , The Offspring,189
Pretty Fly (For A White Guy)   The Offspring 189 
Line : Philadelphia,NEIL YOUNG,246
Philadelphia NEIL YOUNG 246 
Line : La Isla Bonita,Madonna,247
La Isla Bonita Madonna 247 
Line : Unchained Melody,Harry Belafonte,205
Unchained Melody Harry Belafonte 205 
Line : Luna,Bombay Bicycle Club,190
Luna Bombay Bicycle Club 190 
Line : Bruises,Chairlift,241
Bruises Chairlift 241 
Line : 9 Crimes,Damien Rice,219
9 Crimes Damien Rice 219 
Line : I Am Falling Now,Maximilian Hecker,844
I Am Falling Now Maximilian Hecker 844 
Line : �R�A,���ڻy,207
�R�A ���ڻy 207 
Line : No Escape From The Blues,Muddy Waters,124
No Escape From The Blues Muddy Waters 124 
Line : Pumped up Kicks (Album Version),Foster The People,239
Pumped up Kicks (Album Version) Foster The People 239 
Line : Black & Blue,Chris Garneau,334
Black & Blue Chris Garneau 334 
Line : All Out Of Love,Air Supply,242
All Out Of Love Air Supply 242 
Line : A Name In This Town,Josh Thompson,232
A Name In This Town Josh Thompson 232 
Line : Seven Days In Sunny June,Jamiroquai,240
Seven Days In Sunny June Jamiroquai 240 
Line : Good Girl Gone Bad,Rihanna,218
Good Girl Gone Bad Rihanna 218 
Line : Rain Man,Eminem,320
Rain Man Eminem 320 
Line : The Show,Lenka,239
The Show Lenka 239 
Line : Ride The Lightning , Metallica,397
Ride The Lightning   Metallica 397 
Line : Silver Lining,Kacey Musgraves,230
Silver Lining Kacey Musgraves 230 
Line : The Way I Am,Eminem,293
The Way I Am Eminem 293 
Line : Lovefool,The Cardigans,197
Lovefool The Cardigans 197 
Line : Cold Water,Damien Rice,301
Cold Water Damien Rice 301 
Line : Air Traffic,Owl City,182
Air Traffic Owl City 182 
Line : Say Hey (I Love You),Michael Franti & Spearhead,236
Say Hey (I Love You) Michael Franti & Spearhead 236 
Line : Hope There'S Someone,Antony & The Johnsons,261
Hope There'S Someone Antony & The Johnsons 261 
Line : True Love,The Fabulous Thunderbirds,188
True Love The Fabulous Thunderbirds 188 
Line : Not Going Anywhere,Keren Ann,219
Not Going Anywhere Keren Ann 219 
Line : Top Of The World,Carpenters,181
Top Of The World Carpenters 181 
Line : Around The World,Aqua,213
Around The World Aqua 213 
Line : Every Little Thing,Good Lovelies,201
Every Little Thing Good Lovelies 201 
Line : Love The Way You Lie,"Eminem,Rihanna",702
Love The Way You Lie Eminem,Rihanna 702 
Line : What He Wrote,Laura Marling,249
What He Wrote Laura Marling 249 
Line : One Love,Blue,209
One Love Blue 209 
Line : "Starfuckers, Inc.",Nine Inch Nails,300
Starfuckers, Inc. Nine Inch Nails 300 
Line : Daylight,Matt & Kim,171
Daylight Matt & Kim 171 
Line : Too Serious Too Soon,Gareth Gates,226
Too Serious Too Soon Gareth Gates 226 
Line : Three Courses And An Open Canoe,Tamas Wells,190
Three Courses And An Open Canoe Tamas Wells 190 
Line : Sweet Sixteen,Hilary Duff,187
Sweet Sixteen Hilary Duff 187 
Line : Get Lost,Patrick Wolf,197
Get Lost Patrick Wolf 197 
Line : I Could Be The One ( Lp Version ),Donna Lewis,230
I Could Be The One ( Lp Version ) Donna Lewis 230 
Line : The Way You Look Tonight,Maroon 5,209
The Way You Look Tonight Maroon 5 209 
Line : Do Ya Thang,Rihanna,223
Do Ya Thang Rihanna 223 
Line : If I Ever Break Your Heart,The Notorious Cherry Bombs,204
If I Ever Break Your Heart The Notorious Cherry Bombs 204 
Line : Explorers,Sky Sailing,251
Explorers Sky Sailing 251 
Line : Astronaut,Just Jack,229
Astronaut Just Jack 229 
Line : Should It Matter,Sissel,308
Should It Matter Sissel 308 
Line : I Wonder (Departure),Abba,274
I Wonder (Departure) Abba 274 
Line : T H T,Sum 41,47
T H T Sum 41 47 
Line : Paint It Black,Vanessa Carlton,215
Paint It Black Vanessa Carlton 215 
Line : Time To Carry On,Vince Gill,248
Time To Carry On Vince Gill 248 
Line : Sad News,Chris Garneau,364
Sad News Chris Garneau 364 
Line : Foundations,Kate Nash,218
Foundations Kate Nash 218 
Line : My Baby,Britney Spears,202
My Baby Britney Spears 202 
Line : (I'Ll Never Be) Your Maggie May,Suzanne Vega,226
(I'Ll Never Be) Your Maggie May Suzanne Vega 226 
Line : Pretend We'Re Dead , L7,235
Pretend We'Re Dead   L7 235 
Line : Ashes And Wine,A Fine Frenzy,695
Ashes And Wine A Fine Frenzy 695 
Line : I'Ve Never Been To Me,Charlene,229
I'Ve Never Been To Me Charlene 229 
Line : My Love,Lene Marlin,272
My Love Lene Marlin 272 
Line : Sad Eyes,Bat For Lashes,259
Sad Eyes Bat For Lashes 259 
Line : You Belong To Me,Carla Bruni,185
You Belong To Me Carla Bruni 185 
Line : Leper Messiah , Metallica,343
Leper Messiah   Metallica 343 
Line : Pacific Coast Party,Smash Mouth,182
Pacific Coast Party Smash Mouth 182 
Line : Space Bound,Eminem,743
Space Bound Eminem 743 
Line : 93 Million Miles,Jason Mraz,218
93 Million Miles Jason Mraz 218 
Line : England Made Me,Black Box Recorder,243
England Made Me Black Box Recorder 243 
Line : Life Is Wonderful,Jason Mraz,258
Life Is Wonderful Jason Mraz 258 
Line : Relief,Chris Garneau,229
Relief Chris Garneau 229 
Line : Breathe Again,Sara Bareilles,298
Breathe Again Sara Bareilles 298 
Line : I Love Nyc,Andrew W.K.,191
I Love Nyc Andrew W.K. 191 
Line : The World As I See It,Jason Mraz,239
The World As I See It Jason Mraz 239 
Line : Keep Walking or I'll Kill You,Agnes Kain,216
Keep Walking or I'll Kill You Agnes Kain 216 
Line : Dope Hat , Marilyn Manson,261
Dope Hat   Marilyn Manson 261 
Line : Tonight Tonight,Hot Chelle Rae,200
Tonight Tonight Hot Chelle Rae 200 
Line : Grafton Street,Dido,359
Grafton Street Dido 359 
Line : The World As I See It,Jason Mraz,239
The World As I See It Jason Mraz 239 
Line : Dreaming My Dreams With You,Alison Krauss,268
Dreaming My Dreams With You Alison Krauss 268 
Line : Two Doors Down,Mark Burchfield,178
Two Doors Down Mark Burchfield 178 
Line : The Unnamed Feeling , Metallica,429
The Unnamed Feeling   Metallica 429 
Line : Australia,"The,shins",222
Australia The,shins 222 
Line : Dannyboy,Youngblood Hawke,187
Dannyboy Youngblood Hawke 187 
Line : Best Day Of My Life,American Authors,517
Best Day Of My Life American Authors 517 
Line : Gravity,Sara Bareilles,233
Gravity Sara Bareilles 233 
Line : It's a Beautiful Day,Michael Bubl��,540
It's a Beautiful Day Michael Bubl�� 540 
Line : Fireflies,Owl City,230
Fireflies Owl City 230 
Line : I've Been In Love Before,Cutting Crew,308
I've Been In Love Before Cutting Crew 308 
Line : Innocent,Taylor Swift,302
Innocent Taylor Swift 302 
Line : Mean,Taylor Swift,242
Mean Taylor Swift 242 
Line : Dead And Gone , T.I.,304
Dead And Gone   T.I. 304 
Line : Boston,Augustana,250
Boston Augustana 250 
Line : Everything Will Flow,Suede,270
Everything Will Flow Suede 270 
Line : Pencil Full Of Lead,Paolo Nutini,148
Pencil Full Of Lead Paolo Nutini 148 
Line : Boogie Street,Leonard Cohen,362
Boogie Street Leonard Cohen 362 
Line : Chloe (You're The One I Want),Emblem3,592
Chloe (You're The One I Want) Emblem3 592 
Line : In the summertime,Mungo jerry,216
In the summertime Mungo jerry 216 
Line : Disguise,Lene Marlin,232
Disguise Lene Marlin 232 
Line : Walking The Dog,Fun.,220
Walking The Dog Fun. 220 
Line : Stationary Stationery , Anberlin,181
Stationary Stationery   Anberlin 181 
Line : Leave The Light On,Priscilla Ahn,198
Leave The Light On Priscilla Ahn 198 
Line : Lamb Of God,Marilyn Mans,746
Lamb Of God Marilyn Mans 746 
Line : Ridin',"Chamillionaire,sway",272
Ridin' Chamillionaire,sway 272 
Line : Mad World,Gary jules,180
Mad World Gary jules 180 
Line : Better Off Dead,anathema,263
Better Off Dead anathema 263 
Line : That Year,Brandi Carlile,216
That Year Brandi Carlile 216 
Line : So Far,Chris Garneau,265
So Far Chris Garneau 265 
Line : Out From Under,Britney Spears,236
Out From Under Britney Spears 236 
Line : gold in the air of summer,Kings Of Convenience,214
gold in the air of summer Kings Of Convenience 214 
Line : Somebody,Blue October,203
Somebody Blue October 203 
Line : Never Again , Kelly Clarkson,222
Never Again   Kelly Clarkson 222 
Line : Another Time Around,Sum 41,416
Another Time Around Sum 41 416 
Line : All The Pretty Girls,Fun.,206
All The Pretty Girls Fun. 206 
Line : The Priest , Limp Bizkit,299
The Priest   Limp Bizkit 299 
Line : The Four Horsemen , Metallica,321
The Four Horsemen   Metallica 321 
Line : Give Me Life,Daniel Powter,218
Give Me Life Daniel Powter 218 
Line : "Drama, Love & 'Lationships",Babyface,238
Drama, Love & 'Lationships Babyface 238 
Line : A Thousand Years,Christina Perri,289
A Thousand Years Christina Perri 289 
Line : Angel Of Mine,Monica,251
Angel Of Mine Monica 251 
Line : Mr. Know It All , Kelly Clarkson,235
Mr. Know It All   Kelly Clarkson 235 
Line : Swingset Chain,Loquat,287
Swingset Chain Loquat 287 
Line : Lullaby,The Cure,253
Lullaby The Cure 253 
Line : Captains And Cruise Ships,Owl City,246
Captains And Cruise Ships Owl City 246 
Line : Hey Scenesters!,The Cribs,196
Hey Scenesters! The Cribs 196 
Line : Hurt , Adelitas Way,236
Hurt   Adelitas Way 236 
Line : Dear Father,Sum 41,234
Dear Father Sum 41 234 
Line : What Goes Around Comes Around,Justin Timberlake,271
What Goes Around Comes Around Justin Timberlake 271 
Line : What Makes You Beautiful,One Direction,202
What Makes You Beautiful One Direction 202 
Line : Where Are You Now,Britney Spears,280
Where Are You Now Britney Spears 280 
Line : Lollipop,Aqua,219
Lollipop Aqua 219 
Line : Motivation,SUM 41,171
Motivation SUM 41 171 
Line : Dark Side,Kelly Clarkson,224
Dark Side Kelly Clarkson 224 
Line : Never Know,Jack Johnson,212
Never Know Jack Johnson 212 
Line : Stay The Night,James Blunt,216
Stay The Night James Blunt 216 
Line : Sleep With You,Egil Olsen,144
Sleep With You Egil Olsen 144 
Line : I'm Yours,Jason Mraz,245
I'm Yours Jason Mraz 245 
Line : Dream Catch Me,Newton Faulkner,240
Dream Catch Me Newton Faulkner 240 
Line : The Life And Death Of Mr. Badmouth,Pj Harvey,290
The Life And Death Of Mr. Badmouth Pj Harvey 290 
Line : You Are My Sunshine,Carly Simon,156
You Are My Sunshine Carly Simon 156 
Line : Fuel , Metallica,272
Fuel   Metallica 272 
Line : The One That Got Away,Katy Perry,231
The One That Got Away Katy Perry 231 
Line : Don'T Cry,Guns N' Roses,288
Don'T Cry Guns N' Roses 288 
Line : The Water Is Wide,James Taylor,182
The Water Is Wide James Taylor 182 
Line : Maybe I'Ll Go,Lene Marlin,281
Maybe I'Ll Go Lene Marlin 281 
Line : Spaceship,Kanye West,329
Spaceship Kanye West 329 
Line : Right Next To The Right One,Tim Christensen,252
Right Next To The Right One Tim Christensen 252 
Line : On Top Of The World,Imagine Dragons,507
On Top Of The World Imagine Dragons 507 
Line : Mondo Bongo,Joe Strummer & The Mescaleros,373
Mondo Bongo Joe Strummer & The Mescaleros 373 
Line : What Are You,David Gray,192
What Are You David Gray 192 
Line : Rootless Tree,Damien Rice,263
Rootless Tree Damien Rice 263 
Line : Costume Makes The Clown,Shakira,192
Costume Makes The Clown Shakira 192 
Line : In The Dark,Shelley Harland,198
In The Dark Shelley Harland 198 
Line : God Is A Girl,Groove Coverage,225
God Is A Girl Groove Coverage 225 
Line : Maybe California,Tori Amos,265
Maybe California Tori Amos 265 
Line : You Know What You Are_,Nine Inch Nails,222
You Know What You Are_ Nine Inch Nails 222 
Line : I Bruise Easily,Natasha Bedingfield,253
I Bruise Easily Natasha Bedingfield 253 
Line : All The Way,Craig David,222
All The Way Craig David 222 
Line : Rid Of Me,Pj Harvey,269
Rid Of Me Pj Harvey 269 
Line : You Took My Heart Away,Michael Learns To Rock,274
You Took My Heart Away Michael Learns To Rock 274 
Line : She'S The One,Robbie Williams,262
She'S The One Robbie Williams 262 
Line : Holiday In My Head,Smash Mouth,166
Holiday In My Head Smash Mouth 166 
Line : All About Your Heart,Mindy Gledhill,249
All About Your Heart Mindy Gledhill 249 
Line : Hard Believer,First Aid Kit,226
Hard Believer First Aid Kit 226 
Line : Shock Me Into Love,Lenka,209
Shock Me Into Love Lenka 209 
Line : Brick,Ben Folds Five,272
Brick Ben Folds Five 272 
Line : Music Box,Eminem,310
Music Box Eminem 310 
Line : You Just May Be The One,The Monkees,122
You Just May Be The One The Monkees 122 
Line : "Whenever, Wherever",Shakira,197
Whenever, Wherever Shakira 197 
Line : Iyiyi (Feat. Flo Rida),Cody Simpson,235
Iyiyi (Feat. Flo Rida) Cody Simpson 235 
Line : A Good Day (Morning Song),Priscilla Ahn,206
A Good Day (Morning Song) Priscilla Ahn 206 
Line : Never Gonna Love Again,Lykke Li,240
Never Gonna Love Again Lykke Li 240 
Line : It's All Okay,Julia Stone,234
It's All Okay Julia Stone 234 
Line : The Enemy (Album Version),Roadrunner United,285
The Enemy (Album Version) Roadrunner United 285 
Line : Happily Never After,The Pussycat Dolls,289
Happily Never After The Pussycat Dolls 289 
Line : Little Talks,Of Monsters and Men,214
Little Talks Of Monsters and Men 214 
Line : Caskets,Damien Jurado,178
Caskets Damien Jurado 178 
Line : The Day You Went Away,M2M,224
The Day You Went Away M2M 224 
Line : Plage,crystal fighters,231
Plage crystal fighters 231 
Line : Sunrise,Norah Jones,203
Sunrise Norah Jones 203 
Line : I Feel Like Going Home,Muddy Waters,222
I Feel Like Going Home Muddy Waters 222 
Line : Lonely Girls,Lucinda Williams,242
Lonely Girls Lucinda Williams 242 
Line : He Will Carry Me,Mark Schultz,272
He Will Carry Me Mark Schultz 272 
Line : Jumpdafuckup (Album Version),Soulfly,311
Jumpdafuckup (Album Version) Soulfly 311 
Line : Worry About You,Ivy,243
Worry About You Ivy 243 
Line : May It Be,Enya,216
May It Be Enya 216 
Line : Lunchbox,Marilyn Manson,274
Lunchbox Marilyn Manson 274 
Line : At Or With Me,Jack Johnson,238
At Or With Me Jack Johnson 238 
Line : Memories,Maroon 5,190
Memories Maroon 5 190 
Line : Payphone,Maroon 5,231
Payphone Maroon 5 231 
Line : Moves Like Jagger,Maroon 5,201
Moves Like Jagger Maroon 5 201 
Line : Sugar,Maroon 5,234
Sugar Maroon 5 234 
Line : One More Night,Maroon 5,219
One More Night Maroon 5 219 
Line : Hostage,Billie Eilish,228
Hostage Billie Eilish 228 
Line : Bad Guy,Billie Eilish,194
Bad Guy Billie Eilish 194 
Line : Idontwannabeanymore,Billie Eilish,203
Idontwannabeanymore Billie Eilish 203 
Line : Wrap Me In Plastic,Momoland,193
Wrap Me In Plastic Momoland 193 
Line : LOCAL,911,201
LOCAL 911 201 
Line : 9453,911,198
9453 911 198 
